station_name,exit_code,latitude,longitude,object_id,rail_mode
ADMIRALTY MRT STATION,Exit A,1.4403456612830383,103.80098952191813,21491,MRT
ADMIRALTY MRT STATION,Exit B,1.440152396746762,103.80053346325835,21673,MRT
ADMIRALTY MRT STATION,Exit C,1.4405962856579384,103.80054245816031,21131,MRT
ADMIRALTY MRT STATION,Exit D,1.4405333880722966,103.80136453445112,21674,MRT
ALJUNIED MRT STATION,Exit A,1.316238485344709,103.88249665045747,21480,MRT
ALJUNIED MRT STATION,Exit B,1.3164879303040784,103.88247288778244,21479,MRT
ANG MO KIO MRT STATION,Exit A,1.369464706505095,103.84993900074095,21692,MRT
ANG MO KIO MRT STATION,Exit B,1.3696853221997212,103.84959610065526,21691,MRT
ANG MO KIO MRT STATION,Exit C,1.3694405305965007,103.84934327370465,21675,MRT
ANG MO KIO MRT STATION,Exit D,1.3698823752681695,103.84982457247968,21260,MRT
BARTLEY MRT STATION,Exit A,1.342248749216091,103.88025589326459,21325,MRT
BARTLEY MRT STATION,Exit B,1.3435010615293341,103.8789086939245,21324,MRT
BAYFRONT MRT STATION,Exit A,1.2809674239716435,103.8587319247403,21676,MRT
BAYFRONT MRT STATION,Exit B,1.2827052247082797,103.85975918022659,21625,MRT
BAYFRONT MRT STATION,Exit C,1.2828349086889401,103.85959687218748,21624,MRT
BAYFRONT MRT STATION,Exit D,1.2828343544709762,103.85949384661112,21678,MRT
BAYFRONT MRT STATION,Exit E,1.2811046370918653,103.85844100365208,21677,MRT
BAYSHORE MRT STATION,Exit 1,1.3118987186917346,103.94126172566517,21242,MRT
BAYSHORE MRT STATION,Exit 2,1.3121838590996928,103.94067346766076,21243,MRT
BAYSHORE MRT STATION,Exit 3,1.31356798026815,103.94072100418352,21244,MRT
BAYSHORE MRT STATION,Exit 4,1.3135263973574927,103.94267591982259,21245,MRT
BAYSHORE MRT STATION,Exit 5,1.3128967114776557,103.94258441308978,21246,MRT
BEAUTY WORLD MRT STATION,Exit A,1.3416961499328006,103.7759842962261,21269,MRT
BEAUTY WORLD MRT STATION,Exit B,1.341582214549837,103.77545067944088,21626,MRT
BEAUTY WORLD MRT STATION,Exit C,1.3399818737845794,103.7757615456262,21270,MRT
BEDOK MRT STATION,Exit A,1.3235686361563497,103.92915714309531,21689,MRT
BEDOK MRT STATION,Exit B,1.3242683427611412,103.92967308999474,21690,MRT
BEDOK MRT STATION,Exit C,1.3240746458654598,103.92940427968887,21174,MRT
BEDOK NORTH MRT STATION,Exit A,1.3351262662136352,103.91804982398726,21535,MRT
BEDOK NORTH MRT STATION,Exit B,1.3341660744472075,103.91906282344867,21537,MRT
BEDOK NORTH MRT STATION,Exit B,1.3343724902032656,103.91913430266187,21542,MRT
BEDOK NORTH MRT STATION,Exit C,1.3344225765515134,103.9178105260292,21203,MRT
BEDOK RESERVOIR MRT STATION,Exit A,1.336347760899778,103.93288682250619,21349,MRT
BEDOK RESERVOIR MRT STATION,Exit B,1.3365549033286315,103.93348718985506,21196,MRT
BENCOOLEN MRT STATION,Exit A,1.2991951960301853,103.85084338471715,21198,MRT
BENCOOLEN MRT STATION,Exit B,1.2981994004556694,103.84956047759098,21370,MRT
BENCOOLEN MRT STATION,Exit C,1.2976991176544332,103.8492717038725,21197,MRT
BENDEMEER MRT STATION,Exit A,1.3138525056222503,103.86307400593707,21202,MRT
BENDEMEER MRT STATION,Exit B,1.3134807250255989,103.86321923143063,21538,MRT
BISHAN MRT STATION,Exit A,1.350579598712016,103.8483049917219,21628,MRT
BISHAN MRT STATION,Exit B,1.3510644392737419,103.84831225598012,21693,MRT
BISHAN MRT STATION,Exit C,1.3505849115398918,103.84820928129376,21695,MRT
BISHAN MRT STATION,Exit D,1.3510532199332945,103.85020108196488,21627,MRT
BISHAN MRT STATION,Exit E,1.3510348377710364,103.84843292387485,21694,MRT
BOON KENG MRT STATION,Exit A,1.3201068759913108,103.86150235706886,21629,MRT
BOON KENG MRT STATION,Exit B,1.3192351959974773,103.86190367551879,21333,MRT
BOON KENG MRT STATION,Exit C,1.317914816472307,103.86070683328751,21616,MRT
BOON LAY MRT STATION,Exit A,1.3382799880819698,103.7054089949691,21579,MRT
BOON LAY MRT STATION,Exit B,1.338420695657893,103.70614554796673,21577,MRT
BOON LAY MRT STATION,Exit C,1.3387381087333912,103.70595515261101,21578,MRT
BOON LAY MRT STATION,Exit D,1.3386295077959716,103.70565003803485,21433,MRT
BOON LAY MRT STATION,Exit E,1.338514120931197,103.70535335319977,21434,MRT
BOON LAY MRT STATION,Exit F,1.3382732219770168,103.70579503136489,21435,MRT
BOTANIC GARDENS MRT STATION,Exit A,1.3225346329493606,103.81497690573431,21619,MRT
BOTANIC GARDENS MRT STATION,Exit B,1.3226846123363898,103.81591414579154,21274,MRT
BRADDELL MRT STATION,Exit A,1.341068992069514,103.84642954072108,21698,MRT
BRADDELL MRT STATION,Exit B,1.3407443190144652,103.84640649723127,21697,MRT
BRADDELL MRT STATION,Exit C,1.3406721639431691,103.84744083059097,21696,MRT
BRAS BASAH MRT STATION,Exit A,1.296858921771042,103.85132725338609,21339,MRT
BRAS BASAH MRT STATION,Exit B,1.2960462130772386,103.85047427550748,21338,MRT
BRAS BASAH MRT STATION,Exit C,1.2970144329639453,103.85024985270456,21340,MRT
BRAS BASAH MRT STATION,Exit D,1.2975514851835557,103.8501575209801,21341,MRT
BRAS BASAH MRT STATION,Exit E,1.297535451717088,103.85042319251075,21342,MRT
BRIGHT HILL MRT STATION,Exit 1,1.3640371821656152,103.83363541399386,21297,MRT
BRIGHT HILL MRT STATION,Exit 2,1.3632827623551678,103.83351063156859,21298,MRT
BRIGHT HILL MRT STATION,Exit 3,1.3621838048498118,103.83237571105509,21300,MRT
BRIGHT HILL MRT STATION,Exit 4,1.3631639565255047,103.83195382945166,21299,MRT
BUANGKOK MRT STATION,A,1.3834097909898952,103.89288383673062,21638,MRT
BUANGKOK MRT STATION,Exit B,1.382649722820209,103.89346315223678,21639,MRT
BUGIS MRT STATION,E,1.2993046168253164,103.85740802281678,21283,MRT
BUGIS MRT STATION,Exit A,1.3012040895646393,103.85592408146064,21517,MRT
BUGIS MRT STATION,Exit B,1.3007821987656956,103.85633662767292,21516,MRT
BUGIS MRT STATION,Exit C,1.3000069406998658,103.85568570391386,21513,MRT
BUGIS MRT STATION,Exit D,1.2990788488867298,103.85689065486714,21175,MRT
BUGIS MRT STATION,F,1.299638234031808,103.85714752525624,21284,MRT
BUGIS MRT STATION,G,1.298956504761158,103.8570674271026,21282,MRT
BUGIS MRT STATION,H,1.3003434851398612,103.8560351842958,21285,MRT
BUKIT BATOK MRT STATION,Exit A,1.3495610753524367,103.7499739902577,21347,MRT
BUKIT BATOK MRT STATION,Exit B,1.349389587768077,103.7499369555793,21436,MRT
BUKIT BATOK MRT STATION,Exit C,1.3495200607327413,103.74976656493072,21344,MRT
BUKIT BATOK MRT STATION,Exit D,1.3484053759049566,103.74911839418894,21346,MRT
BUKIT GOMBAK MRT STATION,Exit A,1.359069846241564,103.75207638937478,21575,MRT
BUKIT GOMBAK MRT STATION,Exit B,1.3586952612690937,103.75209299569798,21181,MRT
BUKIT GOMBAK MRT STATION,Exit C,1.3590649797518373,103.75172661484677,21574,MRT
BUKIT GOMBAK MRT STATION,Exit D,1.3592978528191881,103.75195099052644,21576,MRT
BUKIT PANJANG MRT STATION,Exit A,1.3787662376388572,103.76203436087093,21449,MRT
BUKIT PANJANG MRT STATION,Exit A,1.379007969740763,103.76192293420945,21640,MRT
BUKIT PANJANG MRT STATION,Exit A,1.3807451173057772,103.75959784357276,21185,MRT
BUKIT PANJANG MRT STATION,Exit B,1.3786188940125126,103.76137050495701,21267,MRT
BUONA VISTA MRT STATION,Exit A,1.3073094507702407,103.79044917530257,21607,MRT
BUONA VISTA MRT STATION,Exit B,1.3071972570585428,103.79065661943288,21608,MRT
BUONA VISTA MRT STATION,Exit C,1.3069128886104584,103.79059939037006,21609,MRT
BUONA VISTA MRT STATION,Exit D,1.3062981416247745,103.79093006515394,21647,MRT
CALDECOTT MRT STATION,Exit 1,1.337105316695643,103.83940673122467,21670,MRT
CALDECOTT MRT STATION,Exit 2,1.3382597299418082,103.84038749923758,21306,MRT
CALDECOTT MRT STATION,Exit 3,1.3378320231792558,103.84046474529944,21307,MRT
CALDECOTT MRT STATION,Exit 4,1.3367508751106454,103.83988242975174,21308,MRT
CANBERRA MRT STATION,Exit A,1.443630141060561,103.82952797586145,21310,MRT
CANBERRA MRT STATION,Exit B,1.4429351481829502,103.82996174120925,21312,MRT
CANBERRA MRT STATION,Exit C,1.4428044654120509,103.82970029333653,21311,MRT
CANBERRA MRT STATION,Exit D,1.443511338844814,103.82925464394748,21309,MRT
CANBERRA MRT STATION,Exit E,1.4432559135570144,103.83011623317348,21313,MRT
CANTONMENT MRT STATION,1,1.2721320701886019,103.83570263425636,21293,MRT
CANTONMENT MRT STATION,2,1.2737364875563113,103.83599830791842,21294,MRT
CANTONMENT MRT STATION,3,1.2736397754772506,103.83849204384164,21295,MRT
CANTONMENT MRT STATION,4,1.2726821629250715,103.8377136424707,21296,MRT
CASHEW MRT STATION,Exit A,1.3698333185962925,103.76423448071098,21730,MRT
CHANGI AIRPORT MRT STATION,Exit A,1.3563414210048035,103.98927664241383,21360,MRT
CHANGI AIRPORT MRT STATION,Exit B,1.3572202560601727,103.98730457979791,21361,MRT
CHINATOWN MRT STATION,Exit A,1.2837127704301896,103.84379788809954,21659,MRT
CHINATOWN MRT STATION,Exit C,1.284674897368101,103.8428128535836,21458,MRT
CHINATOWN MRT STATION,Exit D,1.285406459986675,103.84347621052814,21345,MRT
CHINATOWN MRT STATION,Exit E,1.2850440806089183,103.84442811940502,21460,MRT
CHINATOWN MRT STATION,Exit F,1.2842747760727764,103.84546253179646,21266,MRT
CHINATOWN MRT STATION,Exit G,1.284736083637029,103.8444585417297,21265,MRT
CHINESE GARDEN MRT STATION,Exit A,1.3424387432399767,103.73222015482936,21490,MRT
CHINESE GARDEN MRT STATION,Exit B,1.3419820895649266,103.73274182554528,21489,MRT
CHINESE GARDEN MRT STATION,Exit C,1.3415658263325776,103.73339313576297,21488,MRT
CHOA CHU KANG MRT STATION,Exit A,1.3853999999695223,103.744560000291,21373,MRT
CHOA CHU KANG MRT STATION,Exit A,1.385431280875975,103.7445571353678,21505,MRT
CHOA CHU KANG MRT STATION,Exit B,1.3845999997090193,103.74447000005159,21374,MRT
CHOA CHU KANG MRT STATION,Exit C,1.385729999564578,103.74447000018996,21375,MRT
CHOA CHU KANG MRT STATION,Exit C,1.3857361854031247,103.74451779877056,21504,MRT
CHOA CHU KANG MRT STATION,Exit D,1.3853699997077467,103.74411000039194,21376,MRT
CHOA CHU KANG MRT STATION,Exit D,1.3857053906700119,103.7442235839257,21439,MRT
CITY HALL MRT STATION,Exit A,1.2932271103418318,103.85302041355058,21514,MRT
CITY HALL MRT STATION,Exit B,1.2930999185799508,103.8519602177464,21515,MRT
CITY HALL MRT STATION,Exit C,1.2930418479082573,103.85298028770758,21252,MRT
CITY HALL MRT STATION,Exit D,1.2934548259513226,103.85180233380913,21217,MRT
CLARKE QUAY MRT STATION,Exit A,1.2868987878357088,103.84606454377302,21456,MRT
CLARKE QUAY MRT STATION,Exit B,1.2878057526558389,103.84590343273553,21660,MRT
CLARKE QUAY MRT STATION,Exit C,1.289383851872467,103.84666583385501,21454,MRT
CLARKE QUAY MRT STATION,Exit E,1.2890001830713862,103.84703264329924,21457,MRT
CLARKE QUAY MRT STATION,Exit F,1.2894055668026585,103.84712974273279,21455,MRT
CLARKE QUAY MRT STATION,Exit G,1.2891992578180935,103.84659390916543,21661,MRT
CLEMENTI MRT STATION,Exit A,1.3153735578744434,103.76498210259511,21605,MRT
CLEMENTI MRT STATION,Exit B,1.3154691294316818,103.76518556672941,21606,MRT
CLEMENTI MRT STATION,Exit C,1.3141622981069079,103.76574981571945,21258,MRT
CLEMENTI MRT STATION,Exit D,1.3140784143450015,103.76557011618358,21257,MRT
COMMONWEALTH MRT STATION,Exit A,1.3026481614077343,103.79795829226589,21465,MRT
COMMONWEALTH MRT STATION,Exit B,1.3027527769977458,103.79805788203096,21464,MRT
COMMONWEALTH MRT STATION,Exit C,1.3020770458031892,103.7987785726048,21255,MRT
COMMONWEALTH MRT STATION,Exit D,1.3020127193513336,103.7987202587723,21256,MRT
DAKOTA MRT STATION,Exit A,1.308814187524259,103.88930721534395,21167,MRT
DAKOTA MRT STATION,Exit B,1.3080967504054488,103.88797933768159,21168,MRT
DHOBY GHAUT MRT STATION,Exit A,1.2984450920481716,103.84678797178553,21509,MRT
DHOBY GHAUT MRT STATION,Exit B,1.2990558907089098,103.84522955892908,21510,MRT
DHOBY GHAUT MRT STATION,Exit C,1.299649242161315,103.8447478571907,21669,MRT
DHOBY GHAUT MRT STATION,Exit D,1.29993066561743,103.8450301318641,21530,MRT
DHOBY GHAUT MRT STATION,Exit E,1.2997484706698177,103.84537229423007,21511,MRT
DHOBY GHAUT MRT STATION,Exit F,1.299634891911056,103.84584231801777,21512,MRT
DOVER MRT STATION,Exit A,1.3114154334487695,103.7783047152878,21431,MRT
DOVER MRT STATION,Exit B,1.3116931916796435,103.7784647713041,21432,MRT
DOWNTOWN MRT STATION,Exit A,1.2797734552829652,103.85264656001088,21278,MRT
DOWNTOWN MRT STATION,Exit B,1.2796013182822525,103.85290812847026,21280,MRT
DOWNTOWN MRT STATION,Exit C,1.2794443683916052,103.85315209196104,21441,MRT
DOWNTOWN MRT STATION,Exit D,1.2791760407808874,103.85301375913124,21442,MRT
DOWNTOWN MRT STATION,Exit E,1.2795279106323079,103.85247804639863,21279,MRT
DOWNTOWN MRT STATION,Exit F,1.2797962396920595,103.85242774644063,21642,MRT
ESPLANADE MRT STATION,Exit A,1.2933705482768734,103.8563055547391,21343,MRT
ESPLANADE MRT STATION,Exit B,1.2929271873364572,103.85617567093513,21364,MRT
ESPLANADE MRT STATION,Exit C,1.2929043369195197,103.85585520377214,21363,MRT
ESPLANADE MRT STATION,Exit D,1.2926237434666497,103.85583375578965,21160,MRT
ESPLANADE MRT STATION,Exit E,1.2931288136602324,103.85556784106937,21158,MRT
ESPLANADE MRT STATION,Exit F,1.2938195073126744,103.85510463211058,21159,MRT
ESPLANADE MRT STATION,Exit G,1.2935864007363411,103.85492020244,21362,MRT
EUNOS MRT STATION,Exit A,1.3195172748993538,103.9028941378417,21685,MRT
EUNOS MRT STATION,Exit B,1.3195625452697972,103.90258207761774,21686,MRT
EUNOS MRT STATION,Exit C,1.3195299188012677,103.90321518697834,21357,MRT
EXPO MRT STATION,Exit A,1.3353217243389148,103.96194295822608,21671,MRT
EXPO MRT STATION,Exit A,1.3354828221659554,103.96183679508403,21392,MRT
EXPO MRT STATION,Exit B,1.3352529442369512,103.96207528759587,21672,MRT
EXPO MRT STATION,Exit C,1.3359509717156908,103.96216102186416,21386,MRT
EXPO MRT STATION,Exit D,1.3348348883432715,103.96310068176199,21387,MRT
EXPO MRT STATION,Exit E,1.3348633135054835,103.96212337687385,21389,MRT
EXPO MRT STATION,Exit F,1.3347119482410732,103.96286574628039,21393,MRT
EXPO MRT STATION,Exit G,1.3350193203868175,103.96304900743186,21391,MRT
FARRER PARK MRT STATION,Exit A,1.312326909037027,103.85477274737836,21612,MRT
FARRER PARK MRT STATION,Exit B,1.313543965975699,103.85476376775568,21482,MRT
FARRER PARK MRT STATION,Exit C,1.311910678691349,103.85326682482192,21666,MRT
FARRER PARK MRT STATION,Exit D,1.3124536063930647,103.85297463523698,21665,MRT
FARRER PARK MRT STATION,Exit E,1.3118835372381634,103.85265097067983,21483,MRT
FARRER PARK MRT STATION,Exit F,1.3114220464813349,103.85319939114183,21484,MRT
FARRER PARK MRT STATION,Exit G,1.3122590364129927,103.85550098237228,21613,MRT
FARRER PARK MRT STATION,Exit H,1.3118835080609075,103.8560988521155,21615,MRT
FARRER PARK MRT STATION,Exit I,1.311765877296202,103.85580665725489,21614,MRT
FARRER ROAD MRT STATION,Exit A,1.31749372589551,103.80796523070785,21620,MRT
FARRER ROAD MRT STATION,Exit B,1.3175520161722278,103.80738923455762,21621,MRT
FORT CANNING MRT STATION,Exit A,1.2924060955782486,103.84417003419682,21544,MRT
FORT CANNING MRT STATION,Exit B,1.2928302759457175,103.84442503156531,21541,MRT
GARDENS BY THE BAY MRT STATION,Exit 1,1.280370755955639,103.86858673411133,21567,MRT
GARDENS BY THE BAY MRT STATION,Exit 2,1.2788262233339731,103.86796876727624,21566,MRT
GARDENS BY THE BAY MRT STATION,Exit 3,1.2783034399681215,103.86715412214197,21565,MRT
GEYLANG BAHRU MRT STATION,Exit A,1.3215616987402512,103.87155560756929,21193,MRT
GEYLANG BAHRU MRT STATION,Exit B,1.3211091157953243,103.87179427142719,21205,MRT
GREAT WORLD MRT STATION,Exit 1,1.2933209760726394,103.83390463124832,21139,MRT
GREAT WORLD MRT STATION,Exit 2,1.2928694999212986,103.83262710318911,21140,MRT
GREAT WORLD MRT STATION,Exit 3,1.2938199765544345,103.83273405917555,21142,MRT
GREAT WORLD MRT STATION,Exit 4,1.296029832789246,103.83303710057669,21143,MRT
GREAT WORLD MRT STATION,Exit 5,1.2965525945647354,103.83340550437103,21138,MRT
GREAT WORLD MRT STATION,Exit 6,1.293184344647582,103.83284101464868,21141,MRT
GUL CIRCLE MRT STATION,Exit A,1.31903226656851,103.6604441438593,21378,MRT
GUL CIRCLE MRT STATION,Exit B,1.3188371831334533,103.65943494551723,21379,MRT
HARBOURFRONT MRT STATION,Exit A,1.2650850346118385,103.82250980721876,21599,MRT
HARBOURFRONT MRT STATION,Exit A,1.2660131831978316,103.82046835046091,21658,MRT
HARBOURFRONT MRT STATION,Exit B,1.2651546823431958,103.82050881113204,21469,MRT
HARBOURFRONT MRT STATION,Exit C,1.265259883734691,103.82253165162558,21468,MRT
HARBOURFRONT MRT STATION,Exit D,1.2659792549959068,103.82139885715415,21657,MRT
HARBOURFRONT MRT STATION,Exit E,1.2649719595912232,103.82158029169962,21656,MRT
HAVELOCK MRT STATION,Exit 1,1.2866767448179222,103.83383975335771,21213,MRT
HAVELOCK MRT STATION,Exit 2,1.2869440669876508,103.8334951182318,21214,MRT
HAVELOCK MRT STATION,Exit 3,1.2888435633535371,103.83336952027848,21144,MRT
HAVELOCK MRT STATION,Exit 4,1.2901668941642899,103.83400349617219,21216,MRT
HAVELOCK MRT STATION,Exit 5,1.289560964282313,103.8339619016366,21215,MRT
HAW PAR VILLA MRT STATION,Exit A,1.2830552735417646,103.7820063970724,21725,MRT
HILLVIEW MRT STATION,Exit A,1.3624742379450678,103.76768829010308,21268,MRT
HILLVIEW MRT STATION,Exit B,1.3620843399177323,103.76710845993587,21733,MRT
HOLLAND VILLAGE MRT STATION,Exit A,1.3112202657771888,103.79613910248287,21623,MRT
HOLLAND VILLAGE MRT STATION,Exit B,1.3110694836596164,103.79576910839042,21428,MRT
HOLLAND VILLAGE MRT STATION,Exit C,1.3107112013327236,103.79575377011341,21622,MRT
HOUGANG MRT STATION,Exit A,1.370208578260921,103.89244572315859,21681,MRT
HOUGANG MRT STATION,Exit B,1.3719461165527262,103.89297240097162,21359,MRT
HOUGANG MRT STATION,Exit C,1.372141834832888,103.89197502913501,21680,MRT
HUME MRT STATION,1,1.3550632998007643,103.76869550039065,21251,MRT
HUME MRT STATION,2,1.3548287003188688,103.7686516998054,21249,MRT
JALAN BESAR MRT STATION,Exit A,1.304889894129293,103.8552961254143,21201,MRT
JALAN BESAR MRT STATION,Exit B,1.3054672798932725,103.85524456461457,21534,MRT
JOO KOON MRT STATION,Exit A,1.3275020844586545,103.67852070901132,21437,MRT
JOO KOON MRT STATION,Exit B,1.3279561114378626,103.67864407707678,21438,MRT
JURONG EAST MRT STATION,Exit A,1.3339896039381867,103.74175989830943,21451,MRT
JURONG EAST MRT STATION,Exit B,1.3325262356481666,103.74264016298261,21176,MRT
JURONG EAST MRT STATION,Exit C,1.3327486846258436,103.74276208165342,21450,MRT
JURONG EAST MRT STATION,Exit D,1.3335813310891886,103.74229819330705,21259,MRT
KAKI BUKIT MRT STATION,Exit A,1.3353112063695616,103.90940509862578,21199,MRT
KAKI BUKIT MRT STATION,Exit B,1.3349218903427178,103.90914627626276,21195,MRT
KALLANG MRT STATION,Exit A,1.3115404829755273,103.87173056416847,21478,MRT
KALLANG MRT STATION,Exit B,1.311781770543804,103.87158707586144,21477,MRT
KATONG PARK MRT STATION,Exit 1,1.2975385117765033,103.88709207500811,21221,MRT
KATONG PARK MRT STATION,Exit 2,1.2983796827911394,103.88506921760501,21220,MRT
KEMBANGAN MRT STATION,Exit A,1.3209237602820207,103.91294107940732,21688,MRT
KEMBANGAN MRT STATION,Exit B,1.3211521080554456,103.91289928874629,21687,MRT
KENT RIDGE MRT STATION,Exit A,1.2943158870094893,103.78446589536516,21724,MRT
KENT RIDGE MRT STATION,Exit B,1.292428115908549,103.78480963188217,21723,MRT
KENT RIDGE MRT STATION,Exit C,1.2939847851670137,103.784490451682,21446,MRT
KENT RIDGE MRT STATION,Exit D,1.2932188028411657,103.78453465663856,21447,MRT
KEPPEL MRT STATION,1,1.2696653261809359,103.82959534031491,21288,MRT
KEPPEL MRT STATION,2,1.2705454759594066,103.82962481278612,21289,MRT
KEPPEL MRT STATION,3,1.2709494322028136,103.8311098360443,21290,MRT
KHATIB MRT STATION,Exit A,1.4170582124269768,103.83292241700968,21497,MRT
KHATIB MRT STATION,Exit B,1.4171434179297155,103.83270666774294,21498,MRT
KHATIB MRT STATION,Exit C,1.4175447068525804,103.83288691369441,21496,MRT
KHATIB MRT STATION,Exit D,1.4178690371168612,103.83323102003853,21172,MRT
KING ALBERT PARK MRT STATION,Exit A,1.335537077669763,103.78303026021548,21732,MRT
KING ALBERT PARK MRT STATION,Exit B,1.33597604551556,103.78456158478065,21271,MRT
KOVAN MRT STATION,Exit A,1.3597075887012466,103.8843074286358,21684,MRT
KOVAN MRT STATION,Exit B,1.3602056230632658,103.88472173212224,21682,MRT
KOVAN MRT STATION,Exit C,1.3600280101444633,103.88545057800044,21683,MRT
KRANJI MRT STATION,Exit A,1.4247391712175417,103.76201851559114,21123,MRT
KRANJI MRT STATION,Exit B,1.4248526446610568,103.76194060609642,21122,MRT
KRANJI MRT STATION,Exit C,1.4251259491570445,103.76175468556137,21582,MRT
KRANJI MRT STATION,Exit D,1.4251249593550084,103.76249677052948,21440,MRT
LABRADOR PARK MRT STATION,Exit A,1.2721069580543352,103.80235555366292,21727,MRT
LAKESIDE MRT STATION,Exit A,1.3439833412621969,103.720448529393,21487,MRT
LAKESIDE MRT STATION,Exit B,1.344081457519484,103.72107541274288,21581,MRT
LAKESIDE MRT STATION,Exit C,1.3443041699686624,103.72171282700319,21580,MRT
LAVENDER MRT STATION,Exit A,1.307169460472736,103.86304306290333,21475,MRT
LAVENDER MRT STATION,Exit B,1.3076185391316715,103.86265031662273,21476,MRT
LENTOR MRT STATION,Exit 1,1.3854098299074886,103.8353599767011,21406,MRT
LENTOR MRT STATION,Exit 2,1.3858909900868417,103.83582345202382,21405,MRT
LENTOR MRT STATION,Exit 3,1.38460195423691,103.83739808002932,21407,MRT
LENTOR MRT STATION,Exit 4,1.3836277515432962,103.83733866006392,21408,MRT
LENTOR MRT STATION,Exit 5,1.384162375361772,103.83683953269572,21409,MRT
LITTLE INDIA MRT STATION,Exit A,1.3056052510392235,103.84936002946029,21662,MRT
LITTLE INDIA MRT STATION,Exit B,1.306563555357783,103.84898508971142,21481,MRT
LITTLE INDIA MRT STATION,Exit C,1.3063515540862423,103.84970482293288,21663,MRT
LITTLE INDIA MRT STATION,Exit D,1.3068547371908685,103.84899998224137,21448,MRT
LITTLE INDIA MRT STATION,Exit E,1.3074264443989476,103.85032215995454,21664,MRT
LITTLE INDIA MRT STATION,Exit F,1.307683536558851,103.84830439913581,21276,MRT
LORONG CHUAN MRT STATION,Exit A,1.3514391035751394,103.86493367346459,21332,MRT
LORONG CHUAN MRT STATION,Exit B,1.3517385379127682,103.86291829995642,21331,MRT
MACPHERSON MRT STATION,Exit A,1.3266787588073006,103.88979333652624,21707,MRT
MACPHERSON MRT STATION,Exit B,1.325855030181965,103.89066567522076,21708,MRT
MACPHERSON MRT STATION,Exit C,1.32548152990651,103.89026256557356,21709,MRT
MACPHERSON MRT STATION,Exit D,1.3251454586796771,103.88845483437636,21390,MRT
MACPHERSON MRT STATION,Exit E,1.3261927775504818,103.88861521167733,21388,MRT
MARINA BAY MRT STATION,Exit 1,1.2773530329779264,103.85447003295413,21560,MRT
MARINA BAY MRT STATION,Exit 2,1.2761589313162336,103.85500333791994,21564,MRT
MARINA BAY MRT STATION,Exit 3,1.2754163658971882,103.85537174149034,21563,MRT
MARINA BAY MRT STATION,Exit 4,1.2736342091095512,103.85648883626318,21562,MRT
MARINA BAY MRT STATION,Exit 5,1.2746932644544062,103.85431950195625,21561,MRT
MARINA SOUTH MRT STATION,Exit 1,1.2735748044859307,103.8615038787278,21568,MRT
MARINA SOUTH MRT STATION,Exit 2,1.2738599495197072,103.86177721011121,21569,MRT
MARINA SOUTH MRT STATION,Exit 3,1.273135205086787,103.86289430462864,21570,MRT
MARINA SOUTH MRT STATION,Exit 4,1.2755114146116426,103.86266850887442,21571,MRT
MARINA SOUTH PIER MRT STATION,Exit A,1.2705299895186322,103.86233005096989,21263,MRT
MARINA SOUTH PIER MRT STATION,Exit B,1.2714378371622164,103.86357966976392,21264,MRT
MARINE PARADE MRT STATION,Exit 1,1.3020932936434937,103.9059103666293,21222,MRT
MARINE PARADE MRT STATION,Exit 2,1.302531699392386,103.90459124473303,21223,MRT
MARINE PARADE MRT STATION,Exit 3,1.303593996641583,103.90605286229047,21224,MRT
MARINE PARADE MRT STATION,Exit 4,1.3045658550115677,103.90762749031286,21225,MRT
MARINE PARADE MRT STATION,Exit 5,1.3055802189000016,103.90909370848797,21227,MRT
MARINE PARADE MRT STATION,Exit 6,1.3042985347100633,103.90778792411058,21226,MRT
MARINE TERRACE MRT STATION,Exit 1,1.3063987001480175,103.91505222707929,21229,MRT
MARINE TERRACE MRT STATION,Exit 2,1.3057892098989736,103.91325299089799,21232,MRT
MARINE TERRACE MRT STATION,Exit 3,1.3065792892039465,103.91308661583462,21233,MRT
MARINE TERRACE MRT STATION,Exit 4,1.3068953217431258,103.91502013985657,21228,MRT
MARINE TERRACE MRT STATION,Exit 5,1.307438278403651,103.91708914206795,21230,MRT
MARINE TERRACE MRT STATION,Exit 6,1.3070628420288448,103.91694534600546,21231,MRT
MARSILING MRT STATION,Exit A,1.4328016943533108,103.77421049331159,21125,MRT
MARSILING MRT STATION,Exit B,1.432751371720061,103.77441052069655,21654,MRT
MARSILING MRT STATION,Exit C,1.4324695224000648,103.7738204510363,21124,MRT
MARSILING MRT STATION,Exit D,1.4327513609845839,103.77399713337503,21655,MRT
MARYMOUNT MRT STATION,Exit A,1.3489803864213659,103.83908795680053,21668,MRT
MARYMOUNT MRT STATION,Exit B,1.3478660721730777,103.84005891807723,21667,MRT
MATTAR MRT STATION,Exit A,1.327251414091795,103.88273206724486,21372,MRT
MATTAR MRT STATION,Exit B,1.3264635221670715,103.88374838731283,21543,MRT
MAXWELL MRT STATION,Exit 1,1.2810342552625935,103.84416441347508,21552,MRT
MAXWELL MRT STATION,Exit 2,1.2809194365909107,103.84489545926178,21553,MRT
MAXWELL MRT STATION,Exit 3,1.2801915223809375,103.84291630554293,21551,MRT
MAYFLOWER MRT STATION,Exit 1,1.3727039723470345,103.83671675130967,21412,MRT
MAYFLOWER MRT STATION,Exit 2,1.3737197610491918,103.837031676998,21411,MRT
MAYFLOWER MRT STATION,Exit 3,1.3735320920974323,103.83746104124462,21410,MRT
MAYFLOWER MRT STATION,Exit 4,1.3712763229015377,103.83679597809743,21133,MRT
MAYFLOWER MRT STATION,Exit 5,1.3707773381548525,103.83676032658745,21134,MRT
MAYFLOWER MRT STATION,Exit 6,1.370896144193217,103.83630873474603,21135,MRT
MAYFLOWER MRT STATION,Exit 7,1.3713773076184756,103.83628496724023,21413,MRT
MOUNTBATTEN MRT STATION,Exit A,1.3067527102284724,103.8825975357342,21166,MRT
MOUNTBATTEN MRT STATION,Exit B,1.3060459256607546,103.88324829270354,21165,MRT
NAPIER MRT STATION,Exit 1,1.3069359879223381,103.81948377777624,21145,MRT
NAPIER MRT STATION,Exit 2,1.3063449793684014,103.8195066211851,21146,MRT
NEWTON MRT STATION,Exit A,1.312597796688079,103.83788132539095,21472,MRT
NEWTON MRT STATION,Exit B,1.3120754621212656,103.83821906936093,21473,MRT
NEWTON MRT STATION,Exit C,1.313617269149807,103.83824238163545,21275,MRT
NICOLL HIGHWAY MRT STATION,Exit A,1.3001696897088442,103.8635059552432,21162,MRT
NICOLL HIGHWAY MRT STATION,Exit B,1.2996607596837686,103.86415174770211,21618,MRT
NOVENA MRT STATION,Exit A,1.321094868302358,103.84438933387052,21702,MRT
NOVENA MRT STATION,Exit B,1.3198958860347805,103.84333973347628,21701,MRT
ONE-NORTH MRT STATION,Exit A,1.2990274987228132,103.78690746632078,21722,MRT
ONE-NORTH MRT STATION,Exit B,1.3003594934794571,103.78792780616781,21429,MRT
ONE-NORTH MRT STATION,Exit C,1.2997146976063356,103.78756545620355,21337,MRT
ONE-NORTH MRT STATION,Exit D,1.3000747028842092,103.78778481055383,21445,MRT
ORCHARD BOULEVARD MRT STATION,Exit 1,1.3036239533903895,103.82363789843602,21136,MRT
ORCHARD BOULEVARD MRT STATION,Exit 2,1.3024633242845058,103.82389561211956,21137,MRT
ORCHARD MRT STATION,Exit 1,1.304892178137147,103.83252425937934,21471,MRT
ORCHARD MRT STATION,Exit 10,1.3040457054348609,103.83112657424772,21149,MRT
ORCHARD MRT STATION,Exit 11,1.3042179790540407,103.83049672354741,21148,MRT
ORCHARD MRT STATION,Exit 12,1.302857614748984,103.8306630989529,21147,MRT
ORCHARD MRT STATION,Exit 13,1.3022992113235183,103.83212482963054,21152,MRT
ORCHARD MRT STATION,Exit 2,1.3043543985604196,103.8326196115145,21474,MRT
ORCHARD MRT STATION,Exit 3,1.304161137655932,103.83277079650809,21506,MRT
ORCHARD MRT STATION,Exit 4,1.3045604741192454,103.83203980088224,21470,MRT
ORCHARD MRT STATION,Exit 5,1.303944717459933,103.83202381515746,21153,MRT
ORCHARD MRT STATION,Exit 6,1.3036476952659275,103.83232091515383,21207,MRT
ORCHARD MRT STATION,Exit 7,1.3031675344788836,103.83217160123877,21507,MRT
ORCHARD MRT STATION,Exit 8,1.303445719589311,103.83178613555991,21151,MRT
ORCHARD MRT STATION,Exit 9,1.3036655162164055,103.83150686184108,21150,MRT
OUTRAM PARK MRT STATION,Exit 1,1.2816024282435041,103.83865770171187,21518,MRT
OUTRAM PARK MRT STATION,Exit 2,1.2816753456885712,103.8389348372173,21519,MRT
OUTRAM PARK MRT STATION,Exit 3,1.280993276156108,103.83978923248007,21430,MRT
OUTRAM PARK MRT STATION,Exit 4,1.280213353869118,103.84038678709574,21132,MRT
OUTRAM PARK MRT STATION,Exit 5,1.2789469557328974,103.83954924144093,21452,MRT
OUTRAM PARK MRT STATION,Exit 6,1.27905123851202,103.83853725196758,21453,MRT
OUTRAM PARK MRT STATION,Exit 7,1.2810220177189033,103.83864019518941,21550,MRT
OUTRAM PARK MRT STATION,Exit 8,1.2823216309524463,103.83811712967395,21549,MRT
PASIR PANJANG MRT STATION,Exit A,1.276003232785054,103.79203018692041,21726,MRT
PASIR RIS MRT STATION,Exit A,1.3728419690805276,103.94933342664457,21501,MRT
PASIR RIS MRT STATION,Exit B,1.372886236352008,103.94913694034909,21500,MRT
PAYA LEBAR MRT STATION,E,1.318287499415408,103.89323439978084,21218,MRT
PAYA LEBAR MRT STATION,Exit A,1.3182159921500778,103.89278832410525,21126,MRT
PAYA LEBAR MRT STATION,Exit B,1.3183474668988477,103.89221716863163,21127,MRT
PAYA LEBAR MRT STATION,Exit C,1.3181492854313128,103.8917211215916,21169,MRT
PAYA LEBAR MRT STATION,Exit D,1.3165877194692752,103.89207769924559,21170,MRT
PAYA LEBAR MRT STATION,F,1.3167375002646893,103.89260940023549,21219,MRT
PIONEER MRT STATION,Exit A,1.3373446269204403,103.69715537341133,21644,MRT
PIONEER MRT STATION,Exit B,1.3378316280054785,103.69712945287633,21645,MRT
POTONG PASIR MRT STATION,Exit A,1.3328013522428703,103.86896644470293,21617,MRT
POTONG PASIR MRT STATION,Exit B,1.3311481407339933,103.86933323936297,21335,MRT
POTONG PASIR MRT STATION,Exit C,1.3310667109798315,103.86870389318757,21334,MRT
PRINCE EDWARD ROAD MRT STATION,1,1.27303384497102,103.84557526142366,21291,MRT
PRINCE EDWARD ROAD MRT STATION,2,1.273435421768412,103.84686122154847,21292,MRT
PROMENADE MRT STATION,Exit A,1.2917116609988615,103.86067361130195,21485,MRT
PROMENADE MRT STATION,Exit B,1.2938620878762646,103.86013688440227,21161,MRT
PROMENADE MRT STATION,Exit C,1.2941027563615055,103.86023648411177,21171,MRT
PUNGGOL COAST MRT STATION,1,1.414836116762752,103.90953285042141,21286,MRT
PUNGGOL COAST MRT STATION,2,1.4150889312124821,103.91068131895568,21287,MRT
PUNGGOL MRT STATION,Exit A,1.405339576226845,103.90230599665618,21634,MRT
PUNGGOL MRT STATION,Exit B,1.4051862417636451,103.90259819698754,21636,MRT
QUEENSTOWN MRT STATION,Exit A,1.2942472621509544,103.80618277713309,21461,MRT
QUEENSTOWN MRT STATION,Exit B,1.2943299089060527,103.80631147275847,21610,MRT
QUEENSTOWN MRT STATION,Exit C,1.2954462560700986,103.80558472989604,21253,MRT
QUEENSTOWN MRT STATION,Exit D,1.2953829305261282,103.80549220488795,21254,MRT
RAFFLES PLACE MRT STATION,Exit A,1.2841251477036855,103.85143835365814,21528,MRT
RAFFLES PLACE MRT STATION,Exit B,1.2846068745370232,103.85147997829907,21526,MRT
RAFFLES PLACE MRT STATION,Exit C,1.2836305207274084,103.8515625354869,21365,MRT
RAFFLES PLACE MRT STATION,Exit D,1.283641390877421,103.85135321456237,21529,MRT
RAFFLES PLACE MRT STATION,Exit E,1.2832115821243628,103.8515225951546,21525,MRT
RAFFLES PLACE MRT STATION,Exit F,1.2825385749191898,103.85096090209325,21367,MRT
RAFFLES PLACE MRT STATION,Exit G,1.2850168973017784,103.85147813199741,21527,MRT
RAFFLES PLACE MRT STATION,Exit H,1.285258281201247,103.85162171586596,21524,MRT
RAFFLES PLACE MRT STATION,Exit I,1.282382307297459,103.85143330239858,21368,MRT
RAFFLES PLACE MRT STATION,Exit J,1.28262623356678,103.85129603343073,21366,MRT
REDHILL MRT STATION,Exit A,1.2893707046735148,103.81699445855267,21462,MRT
REDHILL MRT STATION,Exit B,1.2894858753609895,103.81724937307973,21463,MRT
ROCHOR MRT STATION,Exit A,1.3034041065355197,103.85237502163348,21641,MRT
ROCHOR MRT STATION,Exit B,1.304214777033743,103.85310433564943,21277,MRT
SEMBAWANG MRT STATION,Exit A,1.4488373194331288,103.82010973575841,21492,MRT
SEMBAWANG MRT STATION,Exit B,1.4487682603258423,103.81979020457172,21493,MRT
SEMBAWANG MRT STATION,Exit C,1.44915683716069,103.81975896600352,21358,MRT
SEMBAWANG MRT STATION,Exit D,1.448927331537594,103.82040156029227,21499,MRT
SENGKANG MRT STATION,Exit A,1.3918291197182173,103.89540572075428,21632,MRT
SENGKANG MRT STATION,Exit B,1.3917956376620702,103.89563689436537,21631,MRT
SENGKANG MRT STATION,Exit C,1.3908815860944936,103.89520939988465,21633,MRT
SENGKANG MRT STATION,Exit D,1.3923708436315307,103.89570545661016,21630,MRT
SERANGOON MRT STATION,Exit A,1.3494816802550018,103.87395739539099,21327,MRT
SERANGOON MRT STATION,Exit B,1.3498337382561254,103.87364132190379,21354,MRT
SERANGOON MRT STATION,Exit C,1.350595104421425,103.87369401449845,21329,MRT
SERANGOON MRT STATION,Exit D,1.3499015921064987,103.87432194657637,21328,MRT
SERANGOON MRT STATION,Exit E,1.3508202454303972,103.87290211634077,21355,MRT
SERANGOON MRT STATION,Exit F,1.3509482779369533,103.87144934034903,21330,MRT
SERANGOON MRT STATION,Exit G,1.3507901994138853,103.87286669539574,21353,MRT
SERANGOON MRT STATION,Exit H,1.3497276995143592,103.873546495734,21326,MRT
SHENTON WAY MRT STATION,Exit 1,1.2774620583356546,103.85183570738151,21554,MRT
SHENTON WAY MRT STATION,Exit 2,1.2770030544242335,103.85091509462848,21557,MRT
SHENTON WAY MRT STATION,Exit 3,1.277629581126691,103.85012877107079,21558,MRT
SHENTON WAY MRT STATION,Exit 4,1.2776559417698303,103.85103408604942,21556,MRT
SHENTON WAY MRT STATION,Exit 5,1.2771436461188985,103.85180797805077,21555,MRT
SHENTON WAY MRT STATION,Exit 6,1.2779292050949722,103.84989322327651,21559,MRT
SIGLAP MRT STATION,Exit 1,1.3088503155584577,103.9287926248893,21238,MRT
SIGLAP MRT STATION,Exit 2,1.309776570718989,103.92858629687198,21239,MRT
SIGLAP MRT STATION,Exit 3,1.310589222582442,103.93124593288341,21240,MRT
SIGLAP MRT STATION,Exit 4,1.3102017218908424,103.9312910608542,21241,MRT
SIMEI MRT STATION,Exit A,1.3426617945337078,103.953818676297,21173,MRT
SIXTH AVENUE MRT STATION,Exit A,1.330780469946184,103.79656608212053,21731,MRT
SIXTH AVENUE MRT STATION,Exit B,1.3315213014357175,103.7968481782287,21272,MRT
SOMERSET MRT STATION,Exit A,1.3000284884873998,103.83839932657575,21336,MRT
SOMERSET MRT STATION,Exit B,1.300766518771738,103.838458985164,21508,MRT
SOMERSET MRT STATION,Exit C,1.3004362205899318,103.83876558428138,21261,MRT
SOMERSET MRT STATION,Exit D,1.3002411386798598,103.83973414808479,21262,MRT
SPRINGLEAF MRT STATION,Exit 1,1.3987872483653485,103.81800341495403,21404,MRT
SPRINGLEAF MRT STATION,Exit 2,1.3978208040575055,103.81839060713808,21394,MRT
SPRINGLEAF MRT STATION,Exit 3,1.3976841788785623,103.81808162380058,21395,MRT
STADIUM MRT STATION,Exit A,1.3025110877234043,103.87439998828935,21164,MRT
STADIUM MRT STATION,Exit B,1.3033702260202458,103.87622623397485,21163,MRT
STEVENS MRT STATION,Exit 1,1.319951635106423,103.82572837817727,21210,MRT
STEVENS MRT STATION,Exit 2,1.3188288961882542,103.82601359358057,21211,MRT
STEVENS MRT STATION,Exit 3,1.3194704609951542,103.82499157064271,21212,MRT
STEVENS MRT STATION,Exit 4,1.321519904255611,103.82588286965881,21209,MRT
STEVENS MRT STATION,Exit 5,1.320937743414412,103.8263225771446,21208,MRT
TAI SENG MRT STATION,C,1.3357723930680265,103.88826122803613,21281,MRT
TAI SENG MRT STATION,Exit A,1.3359140849264504,103.88762743726211,21356,MRT
TAI SENG MRT STATION,Exit B,1.3346208772307528,103.88821406777215,21323,MRT
TAMPINES EAST MRT STATION,Exit A,1.356460761667418,103.95454044078075,21194,MRT
TAMPINES EAST MRT STATION,Exit B,1.3555882263947188,103.95517001422066,21533,MRT
TAMPINES EAST MRT STATION,Exit C,1.3555531715017815,103.95570471137918,21371,MRT
TAMPINES EAST MRT STATION,Exit D,1.3569701935566743,103.95571743792196,21154,MRT
TAMPINES MRT STATION,Exit A,1.3537640125402173,103.94476631210706,21502,MRT
TAMPINES MRT STATION,Exit B,1.3535390816670922,103.94508956333436,21679,MRT
TAMPINES MRT STATION,Exit C,1.353398312649212,103.9449039578947,21503,MRT
TAMPINES MRT STATION,Exit D,1.354870574817919,103.94367818203155,21206,MRT
TAMPINES MRT STATION,Exit E,1.355853444764249,103.94265881069441,21531,MRT
TAMPINES MRT STATION,Exit F,1.3541939276064219,103.94265368187834,21192,MRT
TAMPINES MRT STATION,Exit G,1.3545963387281112,103.94272349669535,21348,MRT
TAMPINES WEST MRT STATION,Exit A,1.3456305876139147,103.93819674000568,21539,MRT
TAMPINES WEST MRT STATION,Exit B,1.3449991975144835,103.93894850378165,21200,MRT
TAN KAH KEE MRT STATION,Exit A,1.3253330690801757,103.80779911907287,21729,MRT
TAN KAH KEE MRT STATION,Exit B,1.3261461588254935,103.80780087370651,21273,MRT
TANAH MERAH MRT STATION,Exit A,1.3268577483881843,103.94579472792945,21604,MRT
TANAH MERAH MRT STATION,Exit B,1.3270612758143558,103.9457230415822,21603,MRT
TANJONG KATONG MRT STATION,Exit 1,1.2990386927771713,103.89704545419403,21236,MRT
TANJONG KATONG MRT STATION,Exit 2,1.2990161196075827,103.89769313140535,21237,MRT
TANJONG KATONG MRT STATION,Exit 3,1.300229200662339,103.89771528877114,21247,MRT
TANJONG PAGAR MRT STATION,Exit A,1.2764085007399384,103.84483401420995,21521,MRT
TANJONG PAGAR MRT STATION,Exit B,1.2766717422526974,103.8465445904738,21520,MRT
TANJONG PAGAR MRT STATION,Exit C,1.2760892299950208,103.84653355796422,21522,MRT
TANJONG PAGAR MRT STATION,Exit D,1.276064828263426,103.84690880020437,21523,MRT
TANJONG PAGAR MRT STATION,Exit E,1.2762591011325783,103.84709579119706,21369,MRT
TANJONG PAGAR MRT STATION,Exit F,1.2773794881071403,103.84692758023486,21155,MRT
TANJONG PAGAR MRT STATION,Exit G,1.277784540365026,103.8469531475443,21156,MRT
TANJONG PAGAR MRT STATION,Exit H,1.2754509043453175,103.8464450884119,21157,MRT
TANJONG PAGAR MRT STATION,Exit I,1.2764479679167846,103.84565600388527,21646,MRT
TANJONG RHU MRT STATION,Exit 1,1.296459488281608,103.87347790491667,21234,MRT
TANJONG RHU MRT STATION,Exit 2,1.2982000462876002,103.8736026871191,21235,MRT
TELOK AYER MRT STATION,D,1.2826000004195686,103.84809999968618,21250,MRT
TELOK AYER MRT STATION,E,1.282700000363803,103.84750000000379,21248,MRT
TELOK AYER MRT STATION,Exit A,1.2818873892355847,103.84850654389615,21643,MRT
TELOK AYER MRT STATION,Exit B,1.2824972750387271,103.84877332815995,21444,MRT
TELOK AYER MRT STATION,Exit C,1.282250664264074,103.84884165606141,21443,MRT
TELOK BLANGAH MRT STATION,Exit A,1.2707212262114045,103.80988373092025,21728,MRT
TIONG BAHRU MRT STATION,Exit A,1.285759455898818,103.82699059514609,21466,MRT
TIONG BAHRU MRT STATION,Exit B,1.286361941390426,103.8274964133934,21467,MRT
TOA PAYOH MRT STATION,Exit A,1.3323764420302064,103.84772380431387,21486,MRT
TOA PAYOH MRT STATION,Exit B,1.3323155366467678,103.847577567476,21699,MRT
TOA PAYOH MRT STATION,Exit C,1.3329941018374794,103.84731977363178,21700,MRT
TOA PAYOH MRT STATION,Exit D,1.3332787459863253,103.84651740615568,21703,MRT
TUAS CRESCENT MRT STATION,Exit A,1.3207638171122238,103.64895874126714,21380,MRT
TUAS CRESCENT MRT STATION,Exit B,1.3212435963986766,103.64928678910867,21381,MRT
TUAS LINK MRT STATION,Exit A,1.3404268992051425,103.63724572002151,21384,MRT
TUAS LINK MRT STATION,Exit B,1.3409400722685778,103.63684066747358,21385,MRT
TUAS WEST ROAD MRT STATION,Exit A,1.3298724241392643,103.63928434470874,21382,MRT
TUAS WEST ROAD MRT STATION,Exit B,1.3301823302320677,103.6397907112947,21383,MRT
UBI MRT STATION,Exit A,1.3299508282897736,103.89987669085686,21545,MRT
UBI MRT STATION,Exit B,1.329830770674731,103.89858557091625,21540,MRT
UPPER CHANGI MRT STATION,Exit A,1.3418611973421342,103.9613284805394,21532,MRT
UPPER CHANGI MRT STATION,Exit A,1.3420065422681042,103.96096063018997,21536,MRT
UPPER CHANGI MRT STATION,Exit B,1.3410376791225642,103.96147626842628,21547,MRT
UPPER CHANGI MRT STATION,Exit C,1.3419926673422482,103.96161727307985,21546,MRT
UPPER CHANGI MRT STATION,Exit D,1.3408404740643267,103.96104308070888,21204,MRT
UPPER THOMSON MRT STATION,Exit 1,1.354833644682351,103.8319161968925,21302,MRT
UPPER THOMSON MRT STATION,Exit 2,1.3557365747065533,103.8318330090042,21301,MRT
UPPER THOMSON MRT STATION,Exit 3,1.3541445663788472,103.83392459060627,21304,MRT
UPPER THOMSON MRT STATION,Exit 4,1.3535030102965167,103.83379386731406,21305,MRT
UPPER THOMSON MRT STATION,Exit 5,1.3544178218637264,103.83263517825011,21303,MRT
WOODLANDS MRT STATION,Exit 1,1.4366968752462377,103.78573562446458,21317,MRT
WOODLANDS MRT STATION,Exit 2,1.436673114687528,103.7865080837622,21314,MRT
WOODLANDS MRT STATION,Exit 3,1.4372433670398619,103.78710822541109,21315,MRT
WOODLANDS MRT STATION,Exit 4,1.4375403735797483,103.78800546566868,21316,MRT
WOODLANDS MRT STATION,Exit 5,1.4358439359358868,103.78896432811273,21398,MRT
WOODLANDS MRT STATION,Exit 6,1.4348151751388867,103.78908910975163,21318,MRT
WOODLANDS MRT STATION,Exit 7,1.4344955258377818,103.78797676882189,21399,MRT
WOODLANDS NORTH MRT STATION,Exit 1,1.4479365024965063,103.7854290806745,21396,MRT
WOODLANDS NORTH MRT STATION,Exit 2,1.4490472997072523,103.78510227142458,21397,MRT
WOODLANDS SOUTH MRT STATION,Exit 1,1.4273020172478001,103.79302746334568,21400,MRT
WOODLANDS SOUTH MRT STATION,Exit 2,1.4276049641345527,103.79341369273166,21401,MRT
WOODLANDS SOUTH MRT STATION,Exit 3,1.4274267600356203,103.7945604978579,21402,MRT
WOODLANDS SOUTH MRT STATION,Exit 4,1.4266842408027618,103.7944238317872,21403,MRT
WOODLANDS SOUTH MRT STATION,Exit 5,1.4258433869092755,103.79436521102042,21548,MRT
WOODLEIGH MRT STATION,Exit A,1.3385106544114485,103.87094060456803,21705,MRT
WOODLEIGH MRT STATION,Exit B,1.3385831494601297,103.87050846814451,21706,MRT
WOODLEIGH MRT STATION,Exit C,1.339867219941902,103.87105380415785,21704,MRT
YEW TEE MRT STATION,Exit A,1.3976554793526916,103.74719516647077,21178,MRT
YEW TEE MRT STATION,Exit B,1.3980677680600264,103.74732988003458,21177,MRT
YEW TEE MRT STATION,Exit C,1.3970007717306616,103.74743189325034,21179,MRT
YEW TEE MRT STATION,Exit D,1.3972725119722809,103.74711143100039,21180,MRT
YIO CHU KANG MRT STATION,Exit A,1.3816444074306995,103.84483419549113,21129,MRT
YIO CHU KANG MRT STATION,Exit B,1.381547520536042,103.84494684754169,21130,MRT
YIO CHU KANG MRT STATION,Exit C,1.3819536213060495,103.84464576043435,21128,MRT
YISHUN MRT STATION,Exit A,1.429397167315948,103.83478360318439,21494,MRT
YISHUN MRT STATION,Exit B,1.4296362919100813,103.83486553346143,21351,MRT
YISHUN MRT STATION,Exit C,1.4291168143137056,103.8350908427129,21322,MRT
YISHUN MRT STATION,Exit D,1.4291065074428853,103.83486348521703,21495,MRT
YISHUN MRT STATION,Exit E,1.4296655971646168,103.83564365493329,21352,MRT
