model,slice_dimension,slice_value,observations,mae,median_absolute_error,p90_absolute_error,rmse,r2,mape_pct,mean_error
hedonic_ridge,flat_type,1 ROOM,9,16772.637152,13386.549437,29029.251477,19763.194958,-1.451020,6.537150,11137.538613
hedonic_ridge,flat_type,2 ROOM,750,28426.231098,22223.327324,61677.393650,36880.735328,0.434383,7.755087,5544.601082
hedonic_ridge,flat_type,3 ROOM,5790,43121.396077,34715.558812,90696.371313,55605.822943,0.776110,9.658665,12355.216186
hedonic_ridge,flat_type,4 ROOM,10817,52003.102068,41494.873624,108803.907767,67950.409425,0.844455,7.651952,12843.771957
hedonic_ridge,flat_type,5 ROOM,5752,63430.658077,51979.388552,130463.256248,82313.647844,0.809791,8.137279,18930.594243
hedonic_ridge,flat_type,EXECUTIVE,1470,68474.016881,55719.449422,138470.801282,87939.181535,0.619425,7.394046,15572.246042
hedonic_ridge,flat_type,MULTI-GENERATION,4,92245.710466,83995.110043,111150.678322,93918.352269,-6.895413,8.085017,-8250.600423
hedonic_ridge,price_band,$1m and above,1812,97162.242696,86817.194606,194922.762498,120565.971674,0.225603,8.392113,-53158.099449
hedonic_ridge,price_band,$300k-$399k,1977,45423.724749,36082.349280,100668.884789,58356.759107,-4.038509,12.782659,32142.534110
hedonic_ridge,price_band,$400k-$499k,3389,37526.117841,30384.144153,77880.160856,48031.276200,-1.589573,8.423492,12106.764048
hedonic_ridge,price_band,$500k-$699k,10284,46047.873073,37638.063662,96541.307255,58732.304205,-0.111247,7.706089,26756.352199
hedonic_ridge,price_band,$700k-$999k,7027,61002.027996,50760.924383,124462.587848,77835.240616,0.137026,7.467880,8435.182018
hedonic_ridge,price_band,Below $300k,103,41608.931702,30834.623371,98452.460143,54896.558972,-19.770793,14.815020,36737.493670
hedonic_ridge,remaining_lease_band,50-59 years,5460,44556.700659,34876.744492,93911.564137,58886.559167,0.865638,8.383175,12091.761781
hedonic_ridge,remaining_lease_band,60-69 years,4207,49341.205399,38916.030357,107613.861979,65710.669997,0.895637,6.976944,6822.583772
hedonic_ridge,remaining_lease_band,70-79 years,4852,54826.517933,42350.209056,115229.257833,72645.047132,0.790251,7.935433,21678.542974
hedonic_ridge,remaining_lease_band,80-89 years,3796,52756.100817,41613.804713,112303.907411,69507.264478,0.905942,7.302258,11156.064664
hedonic_ridge,remaining_lease_band,90 years and above,4617,61864.314205,51934.587956,124816.269477,79214.017218,0.866626,8.115665,8764.031187
hedonic_ridge,remaining_lease_band,Below 50 years,1660,58297.589897,47846.738394,117613.942360,74578.331785,0.789718,14.133101,38405.768545
hedonic_ridge,town,ANG MO KIO,886,49180.541242,41835.145395,98101.937194,62410.926154,0.942913,7.963415,-189.486953
hedonic_ridge,town,BEDOK,1252,47059.907527,36194.127262,98669.361694,65144.708677,0.909167,7.505365,16287.991888
hedonic_ridge,town,BISHAN,394,62951.635931,50024.482095,123880.528922,82003.680723,0.901870,7.762331,36347.217687
hedonic_ridge,town,BUKIT BATOK,1385,49719.366170,44438.622127,99246.006017,61228.369633,0.873447,8.131398,41521.347523
hedonic_ridge,town,BUKIT MERAH,899,95654.947198,85855.596932,184970.235565,116671.175730,0.853588,14.428864,48314.966685
hedonic_ridge,town,BUKIT PANJANG,782,53229.250795,41009.015667,112960.063049,69727.563034,0.759476,8.243400,11523.351778
hedonic_ridge,town,BUKIT TIMAH,56,59798.531073,52381.415237,113971.040025,70438.700375,0.939108,7.207880,34175.821141
hedonic_ridge,town,CENTRAL AREA,177,83015.384591,62555.481285,177042.671259,108848.240592,0.922522,11.514323,47899.734005
hedonic_ridge,town,CHOA CHU KANG,1005,39485.079725,33986.858436,76872.688087,49169.913747,0.803803,6.601483,8943.587675
hedonic_ridge,town,CLEMENTI,519,78824.909406,65200.796559,166799.295873,100901.082144,0.900157,12.036044,11098.466291
hedonic_ridge,town,GEYLANG,680,62111.877380,49340.065667,122778.572500,83008.894104,0.901221,10.431681,7896.724207
hedonic_ridge,town,HOUGANG,1244,52631.892871,42729.291934,107516.549042,67924.171421,0.851016,7.979714,5331.973357
hedonic_ridge,town,JURONG EAST,464,50090.795882,37281.922457,113393.046482,67582.903383,0.845852,9.087749,36797.449317
hedonic_ridge,town,JURONG WEST,1474,49103.970891,39332.780393,106636.892457,63341.859174,0.758442,8.684939,29759.645030
hedonic_ridge,town,KALLANG/WHAMPOA,728,63608.907597,51674.701558,126486.273501,80972.323248,0.920871,9.521139,20784.866297
hedonic_ridge,town,MARINE PARADE,139,64237.913128,59745.236248,125608.564923,77888.902239,0.883058,11.151713,36274.771899
hedonic_ridge,town,PASIR RIS,749,42701.264817,36939.244725,84786.288136,54531.155987,0.842646,5.739611,4958.673985
hedonic_ridge,town,PUNGGOL,1640,42734.716961,35310.189492,89583.019733,54943.659806,0.829109,6.265458,6674.564354
hedonic_ridge,town,QUEENSTOWN,726,69863.410371,63952.116804,133489.252987,83885.135182,0.934948,11.460693,41769.641944
hedonic_ridge,town,SEMBAWANG,884,43542.705578,33040.408736,91308.127180,57382.155520,0.772963,7.170193,-5267.259249
hedonic_ridge,town,SENGKANG,1731,50245.262261,36728.645946,108034.191302,68858.155339,0.689333,7.189900,-2855.399537
hedonic_ridge,town,SERANGOON,372,74967.982021,70492.605414,146249.681162,91355.897933,0.805331,10.406344,-3229.075336
hedonic_ridge,town,TAMPINES,1983,47482.108492,39046.424595,96528.617278,60457.106669,0.858320,6.588388,21536.154433
hedonic_ridge,town,TOA PAYOH,1003,78096.331214,70487.786872,147505.671786,95319.638414,0.917008,11.481986,-13177.933663
hedonic_ridge,town,WOODLANDS,1835,33920.886642,27237.967957,70785.167609,44234.803245,0.911651,5.699056,-2489.031326
hedonic_ridge,town,YISHUN,1585,49012.527737,41324.048858,102450.349574,61410.003378,0.783735,8.614896,15527.848843
prior_12m_town_flat_type_median_baseline,flat_type,1 ROOM,9,10222.222222,7000.000000,21822.400000,13467.232199,-0.138123,4.031094,4691.555556
prior_12m_town_flat_type_median_baseline,flat_type,2 ROOM,750,26761.568000,18000.000000,50100.000000,46059.496060,0.117811,6.786482,-12786.666667
prior_12m_town_flat_type_median_baseline,flat_type,3 ROOM,5790,71350.002591,40000.000000,182000.000000,118792.674338,-0.021819,13.396614,-32446.332815
prior_12m_town_flat_type_median_baseline,flat_type,4 ROOM,10817,86985.456984,58000.000000,200000.000000,127666.560514,0.450933,12.589907,-10776.218378
prior_12m_town_flat_type_median_baseline,flat_type,5 ROOM,5752,93106.632361,65000.000000,202000.000000,135483.696591,0.484698,11.023674,-25370.841172
prior_12m_town_flat_type_median_baseline,flat_type,EXECUTIVE,1470,70603.025102,53500.000000,150000.000000,95589.953185,0.550324,7.302657,-24903.366735
prior_12m_town_flat_type_median_baseline,flat_type,MULTI-GENERATION,4,76750.000000,68000.000000,149000.000000,100245.947549,-7.995133,6.619250,-76750.000000
prior_12m_town_flat_type_median_baseline,price_band,$1m and above,1812,204289.986512,171500.000000,423000.000000,248269.683971,-2.283684,17.346720,-193171.774592
prior_12m_town_flat_type_median_baseline,price_band,$300k-$399k,1977,46504.063227,43000.000000,86200.000000,57446.778427,-3.882599,13.279325,41961.795144
prior_12m_town_flat_type_median_baseline,price_band,$400k-$499k,3389,45040.879020,27556.000000,96360.000000,76823.770373,-5.624775,9.893164,18490.571555
prior_12m_town_flat_type_median_baseline,price_band,$500k-$699k,10284,61985.948011,42000.000000,125000.000000,92567.938879,-1.760435,10.470570,15844.544277
prior_12m_town_flat_type_median_baseline,price_band,$700k-$999k,7027,107661.291382,78888.000000,239112.000000,146996.850404,-2.077948,13.142840,-65518.851074
prior_12m_town_flat_type_median_baseline,price_band,Below $300k,103,49410.330097,28000.000000,136400.000000,68457.210195,-31.299903,17.472041,48868.815534
prior_12m_town_flat_type_median_baseline,remaining_lease_band,50-59 years,5460,67095.140110,42000.000000,150000.000000,104271.972581,0.578712,11.984199,37851.644139
prior_12m_town_flat_type_median_baseline,remaining_lease_band,60-69 years,4207,55859.580699,40000.000000,120000.000000,79130.424082,0.848658,7.836999,618.926076
prior_12m_town_flat_type_median_baseline,remaining_lease_band,70-79 years,4852,66594.450742,50000.000000,139090.800000,94921.856834,0.641888,9.459437,6274.393133
prior_12m_town_flat_type_median_baseline,remaining_lease_band,80-89 years,3796,98534.522129,62000.000000,238112.000000,142657.017013,0.603794,12.106840,-84958.949884
prior_12m_town_flat_type_median_baseline,remaining_lease_band,90 years and above,4617,120364.073736,80000.000000,314400.000000,170867.918265,0.379433,14.648602,-114665.222534
prior_12m_town_flat_type_median_baseline,remaining_lease_band,Below 50 years,1660,96162.171687,60000.000000,259499.600000,149665.804532,0.153118,21.178181,69499.956024
prior_12m_town_flat_type_median_baseline,town,ANG MO KIO,886,114388.872325,47000.000000,374000.000000,181898.045197,0.515081,14.339966,-73121.617246
prior_12m_town_flat_type_median_baseline,town,BEDOK,1252,99520.287540,55000.000000,257911.200000,150136.613697,0.517543,14.068160,-49576.210863
prior_12m_town_flat_type_median_baseline,town,BISHAN,394,98042.895939,70000.000000,190000.000000,144377.594618,0.695817,11.595534,-12116.002538
prior_12m_town_flat_type_median_baseline,town,BUKIT BATOK,1385,61949.950181,50000.000000,137000.000000,81075.409542,0.778106,10.157959,-9944.608664
prior_12m_town_flat_type_median_baseline,town,BUKIT MERAH,899,148109.112347,110000.000000,340022.400000,194241.884931,0.594179,20.223686,-17872.355951
prior_12m_town_flat_type_median_baseline,town,BUKIT PANJANG,782,66699.902813,52250.000000,135000.000000,87688.214860,0.619607,10.257803,-14541.145780
prior_12m_town_flat_type_median_baseline,town,BUKIT TIMAH,56,87160.785714,69722.000000,188166.000000,108080.564333,0.856638,9.715204,26993.642857
prior_12m_town_flat_type_median_baseline,town,CENTRAL AREA,177,206045.536723,90000.000000,623667.200000,311999.085959,0.363437,27.073725,138221.355932
prior_12m_town_flat_type_median_baseline,town,CHOA CHU KANG,1005,45608.807861,40000.000000,96955.200000,56589.019987,0.740129,7.655386,-6942.905572
prior_12m_town_flat_type_median_baseline,town,CLEMENTI,519,162635.020732,109912.000000,375000.000000,222004.213424,0.516666,21.216621,-40378.191753
prior_12m_town_flat_type_median_baseline,town,GEYLANG,680,137054.858471,96556.000000,305312.000000,181776.401916,0.526315,21.289953,-26987.987882
prior_12m_town_flat_type_median_baseline,town,HOUGANG,1244,67441.134244,50000.000000,149760.000000,91627.815817,0.728890,10.080146,-15172.793408
prior_12m_town_flat_type_median_baseline,town,JURONG EAST,464,56188.693966,40444.000000,132256.000000,76103.067814,0.804535,9.573326,-14898.254310
prior_12m_town_flat_type_median_baseline,town,JURONG WEST,1474,51512.933514,40000.000000,108000.000000,68417.681462,0.718177,9.336065,-13149.055631
prior_12m_town_flat_type_median_baseline,town,KALLANG/WHAMPOA,728,148271.212912,102500.000000,340000.000000,196836.702601,0.532399,20.229972,-37211.737637
prior_12m_town_flat_type_median_baseline,town,MARINE PARADE,139,59776.338129,42000.000000,132422.400000,82921.968008,0.867457,8.613283,-20550.438849
prior_12m_town_flat_type_median_baseline,town,PASIR RIS,749,52474.794393,33000.000000,138000.000000,77914.985262,0.678760,6.875591,-29214.329773
prior_12m_town_flat_type_median_baseline,town,PUNGGOL,1640,64772.139841,50000.000000,130000.000000,87539.069308,0.566202,9.047318,-23084.818695
prior_12m_town_flat_type_median_baseline,town,QUEENSTOWN,726,159143.823691,111500.000000,373750.000000,207167.669097,0.603236,21.154755,-79623.399449
prior_12m_town_flat_type_median_baseline,town,SEMBAWANG,884,58805.821267,46556.000000,125000.000000,75469.317966,0.607279,9.470854,1256.255656
prior_12m_town_flat_type_median_baseline,town,SENGKANG,1731,62640.086655,45000.000000,138888.000000,87265.593081,0.501034,8.846642,-14567.869440
prior_12m_town_flat_type_median_baseline,town,SERANGOON,372,72800.763441,50000.000000,180000.000000,99119.027123,0.770841,9.949556,-30830.994624
prior_12m_town_flat_type_median_baseline,town,TAMPINES,1983,68670.279375,55000.000000,149049.600000,87584.877131,0.702648,9.345937,-23252.626324
prior_12m_town_flat_type_median_baseline,town,TOA PAYOH,1003,155943.185244,101100.000000,402000.000000,212186.249320,0.588750,21.822859,-19337.085543
prior_12m_town_flat_type_median_baseline,town,WOODLANDS,1835,52666.065940,40000.000000,113000.000000,70507.524487,0.775536,8.920679,-7698.983651
prior_12m_town_flat_type_median_baseline,town,YISHUN,1585,46324.745741,38000.000000,95000.000000,60968.483521,0.786833,8.314704,2646.479495
town_flat_type_median_baseline,flat_type,1 ROOM,9,58308.444444,63888.000000,70800.000000,59659.285473,-21.335137,21.958873,-58308.444444
town_flat_type_median_baseline,flat_type,2 ROOM,750,64919.168000,58000.000000,108460.400000,79846.063873,-1.651126,16.763102,-63964.938667
town_flat_type_median_baseline,flat_type,3 ROOM,5790,123144.613990,94996.000000,263000.000000,164491.534423,-0.959214,23.104116,-120169.722107
town_flat_type_median_baseline,flat_type,4 ROOM,10817,168832.831118,144888.000000,327200.000000,204896.768579,-0.414299,23.161252,-160788.253878
town_flat_type_median_baseline,flat_type,5 ROOM,5752,184397.249725,155000.000000,342342.000000,224615.239783,-0.416336,21.767540,-180013.272326
town_flat_type_median_baseline,flat_type,EXECUTIVE,1470,222779.670136,215000.000000,342088.800000,242300.317026,-1.889239,23.292299,-222593.123197
town_flat_type_median_baseline,flat_type,MULTI-GENERATION,4,314806.000000,306056.000000,370112.000000,318707.747430,-89.919947,27.612191,-314806.000000
town_flat_type_median_baseline,price_band,$1m and above,1812,404002.894901,390000.000000,592000.000000,426124.344664,-8.673568,34.676597,-404002.894901
town_flat_type_median_baseline,price_band,$300k-$399k,1977,39423.851796,38500.000000,70000.000000,46261.267538,-2.166320,10.780254,-31390.973698
town_flat_type_median_baseline,price_band,$400k-$499k,3389,85611.205960,85000.000000,135910.400000,94940.812344,-9.117793,19.157175,-77341.214813
town_flat_type_median_baseline,price_band,$500k-$699k,10284,124248.430441,122000.000000,195000.000000,137528.772863,-5.093173,20.580234,-117403.952417
town_flat_type_median_baseline,price_band,$700k-$999k,7027,227119.940302,220000.000000,360000.000000,248514.117492,-7.797259,27.677989,-225175.029244
town_flat_type_median_baseline,price_band,Below $300k,103,38944.310680,35000.000000,69757.600000,45302.622250,-13.145214,13.829941,-14809.864078
town_flat_type_median_baseline,remaining_lease_band,50-59 years,5460,94017.311905,85000.000000,165000.000000,113200.123906,0.503478,17.039403,-84937.300183
town_flat_type_median_baseline,remaining_lease_band,60-69 years,4207,152272.673639,136000.000000,272000.000000,176841.231050,0.244142,20.661270,-151502.054671
town_flat_type_median_baseline,remaining_lease_band,70-79 years,4852,145620.548747,128000.000000,268000.000000,171169.753738,-0.164504,20.050235,-143876.647675
town_flat_type_median_baseline,remaining_lease_band,80-89 years,3796,228401.444615,194444.000000,395000.000000,261583.152636,-0.332153,29.581303,-228333.682761
town_flat_type_median_baseline,remaining_lease_band,90 years and above,4617,246632.662863,215000.000000,458212.000000,283241.514860,-0.705223,31.235584,-246544.726974
town_flat_type_median_baseline,remaining_lease_band,Below 50 years,1660,67272.933133,42000.000000,150999.200000,106068.476570,0.574646,13.788494,-26004.342771
town_flat_type_median_baseline,town,ANG MO KIO,886,177866.791061,102000.000000,480000.000000,245799.889988,0.114525,24.483732,-176719.811377
town_flat_type_median_baseline,town,BEDOK,1252,163986.837061,106550.000000,377821.200000,217571.184155,-0.013183,23.812386,-162944.070288
town_flat_type_median_baseline,town,BISHAN,394,205933.261421,175000.000000,352000.000000,252326.731293,0.070902,22.247252,-200813.972081
town_flat_type_median_baseline,town,BUKIT BATOK,1385,121335.147292,107750.000000,224555.200000,144745.983682,0.292737,18.864665,-117154.355957
town_flat_type_median_baseline,town,BUKIT MERAH,899,189872.476085,160000.000000,400000.000000,246744.117628,0.345150,22.236541,-153087.608454
town_flat_type_median_baseline,town,BUKIT PANJANG,782,143255.785166,130000.000000,257700.000000,167528.540264,-0.388442,21.904987,-142910.710997
town_flat_type_median_baseline,town,BUKIT TIMAH,56,221324.357143,265000.000000,359000.000000,256368.368328,0.193381,21.163388,-220252.928571
town_flat_type_median_baseline,town,CENTRAL AREA,177,226525.084746,141000.000000,566200.000000,302194.212762,0.402818,22.972919,-163253.220339
town_flat_type_median_baseline,town,CHOA CHU KANG,1005,122353.206070,119000.000000,207532.800000,138196.971838,-0.549855,19.171537,-121698.256816
town_flat_type_median_baseline,town,CLEMENTI,519,205675.432601,100112.000000,553000.000000,293004.228305,0.158076,23.356519,-189334.014489
town_flat_type_median_baseline,town,GEYLANG,680,165212.205529,86606.000000,408083.400000,230422.603782,0.238860,22.569932,-156573.605529
town_flat_type_median_baseline,town,HOUGANG,1244,158551.008842,140000.000000,295000.000000,185426.817138,-0.110288,23.000190,-157705.349678
town_flat_type_median_baseline,town,JURONG EAST,464,110532.616379,89500.000000,227500.000000,132931.480661,0.403624,18.793113,-107247.168103
town_flat_type_median_baseline,town,JURONG WEST,1474,121911.226594,113000.000000,215000.000000,140360.221622,-0.186118,20.576036,-121637.142469
town_flat_type_median_baseline,town,KALLANG/WHAMPOA,728,202313.468407,145000.000000,465000.000000,263740.709204,0.160506,24.391024,-179036.600275
town_flat_type_median_baseline,town,MARINE PARADE,139,110831.417266,100000.000000,210600.000000,137404.530486,0.636067,15.735480,-107478.899281
town_flat_type_median_baseline,town,PASIR RIS,749,186310.757009,169000.000000,287000.000000,200333.435201,-1.123707,24.563536,-185608.188251
town_flat_type_median_baseline,town,PUNGGOL,1640,159210.816256,146000.000000,265088.800000,181703.523797,-0.869003,22.471338,-158936.426012
town_flat_type_median_baseline,town,QUEENSTOWN,726,230619.044077,215000.000000,460000.000000,287486.277845,0.235949,26.020795,-211693.991736
town_flat_type_median_baseline,town,SEMBAWANG,884,124761.219457,106194.000000,261400.000000,151763.606871,-0.588102,18.872699,-124414.558824
town_flat_type_median_baseline,town,SENGKANG,1731,168308.172155,150000.000000,293000.000000,190513.013155,-1.378120,23.932899,-168305.861352
town_flat_type_median_baseline,town,SERANGOON,372,170067.553763,147000.000000,339500.000000,198341.312969,0.082409,23.163273,-170040.672043
town_flat_type_median_baseline,town,TAMPINES,1983,180309.610691,160000.000000,310000.000000,201570.441223,-0.574949,24.223890,-180195.641957
town_flat_type_median_baseline,town,TOA PAYOH,1003,232245.259023,199556.000000,499911.200000,299013.467597,0.183318,26.842920,-209021.316849
town_flat_type_median_baseline,town,WOODLANDS,1835,150111.814169,144000.000000,245600.000000,167920.206778,-0.273154,23.636038,-149280.289373
town_flat_type_median_baseline,town,YISHUN,1585,125356.957729,118000.000000,200000.000000,141949.341161,-0.155514,21.653442,-125209.182334
training_median_baseline,flat_type,1 ROOM,9,224691.555556,219112.000000,241822.400000,225045.885960,-316.815220,85.775950,224691.555556
training_median_baseline,flat_type,2 ROOM,750,118831.189333,114000.000000,188000.000000,126324.873017,-5.635920,33.998906,116418.154667
training_median_baseline,flat_type,3 ROOM,5790,91012.498273,73444.000000,176100.000000,118740.671570,-0.020925,19.750942,16999.477893
training_median_baseline,flat_type,4 ROOM,10817,190606.470389,142000.000000,452000.000000,255162.753692,-1.193338,24.482955,-188211.538708
training_median_baseline,flat_type,5 ROOM,5752,302029.362729,252000.000000,537000.000000,356077.370888,-2.559397,35.372370,-301943.023369
training_median_baseline,flat_type,EXECUTIVE,1470,444207.191224,423500.000000,612068.800000,466519.091097,-9.710615,46.528164,-444207.191224
training_median_baseline,flat_type,MULTI-GENERATION,4,648250.000000,639500.000000,685500.000000,649111.122998,-376.148196,57.015234,-648250.000000
training_median_baseline,price_band,$1m and above,1812,663556.195121,620000.000000,862000.000000,677552.775259,-23.456835,57.088277,-663556.195121
training_median_baseline,price_band,$300k-$399k,1977,126780.322205,123000.000000,168000.000000,129418.494533,-23.780634,35.838723,126780.322205
training_median_baseline,price_band,$400k-$499k,3389,43021.743582,43000.000000,80100.000000,51594.676043,-1.988063,10.118059,42084.781056
training_median_baseline,price_band,$500k-$699k,10284,110382.961752,112000.000000,187000.000000,123646.896063,-3.925188,17.724311,-110382.961752
training_median_baseline,price_band,$700k-$999k,7027,329796.791020,317000.000000,462000.000000,340273.725370,-15.493093,39.716484,-329796.791020
training_median_baseline,price_band,Below $300k,103,206592.194175,206000.000000,222400.000000,206943.046730,-294.164762,73.745783,206592.194175
training_median_baseline,remaining_lease_band,50-59 years,5460,117240.501282,78000.000000,282000.000000,170214.895054,-0.122637,19.298907,-56258.641575
training_median_baseline,remaining_lease_band,60-69 years,4207,226427.031614,170000.000000,492000.000000,294782.167551,-1.100273,27.885055,-213360.275731
training_median_baseline,remaining_lease_band,70-79 years,4852,203988.384279,160000.000000,432000.000000,258064.905827,-1.646944,26.375612,-203561.663751
training_median_baseline,remaining_lease_band,80-89 years,3796,259670.082655,197000.000000,541000.000000,335701.886990,-1.194028,31.079467,-247650.915111
training_median_baseline,remaining_lease_band,90 years and above,4617,276587.772242,232888.000000,570000.000000,337581.415380,-1.422281,33.353845,-258677.673043
training_median_baseline,remaining_lease_band,Below 50 years,1660,137091.541566,128000.000000,208000.000000,170756.288810,-0.102380,33.082101,52037.654819
training_median_baseline,town,ANG MO KIO,886,200109.174808,88000.000000,569500.000000,297469.030254,-0.296871,25.459627,-142323.648849
training_median_baseline,town,BEDOK,1252,183987.073482,108944.000000,442000.000000,250864.750704,-0.346990,25.857650,-127325.642173
training_median_baseline,town,BISHAN,394,388072.855330,352444.000000,758216.000000,461494.425444,-2.107906,40.303532,-380065.241117
training_median_baseline,town,BUKIT BATOK,1385,171821.363899,133000.000000,350000.000000,213203.269756,-0.534460,25.435760,-125826.919134
training_median_baseline,town,BUKIT MERAH,899,343437.392659,302000.000000,662000.000000,416942.168377,-0.869821,40.710791,-284374.593993
training_median_baseline,town,BUKIT PANJANG,782,152738.961637,123500.000000,350000.000000,198296.149471,-0.945264,21.729030,-138229.764706
training_median_baseline,town,BUKIT TIMAH,56,478351.142857,486000.000000,827000.000000,553463.135010,-2.759384,43.987017,-474172.571429
training_median_baseline,town,CENTRAL AREA,177,391765.491525,262000.000000,989000.000000,540426.922252,-0.909891,36.182774,-373015.932203
training_median_baseline,town,CHOA CHU KANG,1005,131788.977214,112000.000000,272000.000000,164156.987258,-1.186818,19.943665,-120933.082687
training_median_baseline,town,CLEMENTI,519,281482.777495,143000.000000,717377.776000,393411.373448,-0.517815,31.705445,-229786.669595
training_median_baseline,town,GEYLANG,680,236698.317294,172000.000000,502222.200000,295860.113037,-0.254837,36.544652,-133328.740824
training_median_baseline,town,HOUGANG,1244,186177.967042,140000.000000,421358.000000,240473.476714,-0.867346,25.245813,-163889.433280
training_median_baseline,town,JURONG EAST,464,137744.719828,99056.000000,320000.000000,186851.980658,-0.178310,22.383915,-72686.823276
training_median_baseline,town,JURONG WEST,1474,120580.625509,110000.000000,242000.000000,150196.549345,-0.358187,20.851558,-77132.094980
training_median_baseline,town,KALLANG/WHAMPOA,728,300721.748626,237000.000000,634066.400000,382580.818660,-0.766484,35.397565,-252011.188187
training_median_baseline,town,MARINE PARADE,139,197485.719424,112000.000000,538000.000000,285901.621188,-0.575623,24.159542,-172806.237410
training_median_baseline,town,PASIR RIS,749,259804.081442,232000.000000,453710.400000,290515.083397,-3.466065,33.086280,-255931.953271
training_median_baseline,town,PUNGGOL,1640,201921.852841,184444.000000,352000.000000,230675.696094,-2.012222,28.138220,-188536.872354
training_median_baseline,town,QUEENSTOWN,726,381082.779614,351444.500000,714500.000000,458887.907557,-0.946711,42.643749,-320010.796143
training_median_baseline,town,SEMBAWANG,884,140336.214932,122000.000000,292000.000000,167983.066184,-0.945692,21.926339,-117112.522624
training_median_baseline,town,SENGKANG,1731,191757.974581,170000.000000,352000.000000,220656.327036,-2.190196,26.915319,-182830.723281
training_median_baseline,town,SERANGOON,372,226446.483871,172000.000000,512000.000000,295184.863309,-1.032408,27.790865,-210384.758065
training_median_baseline,town,TAMPINES,1983,232590.619264,222000.000000,456600.000000,278342.201194,-2.003107,29.328555,-227324.234997
training_median_baseline,town,TOA PAYOH,1003,347896.981854,305888.000000,672000.000000,425094.116776,-0.650599,41.932439,-266883.047657
training_median_baseline,town,WOODLANDS,1835,145054.620708,114112.000000,327000.000000,192061.884740,-0.665549,21.661813,-121409.444687
training_median_baseline,town,YISHUN,1585,108390.431546,82000.000000,242000.000000,149661.026716,-0.284476,17.590386,-70431.753943
